Wavelength,Img-1.360,CL-1.360,Img-1.380,CL-1.380,Img-1.368,CL-1.368,Img-1.392,CL-1.392,Img-1.381,CL-1.381,Img-1.395,CL-1.395,CL_Real Y Core-1.360,Wavelength for SPP,Real-SPP-1.360,,,,,,,,,,,,,,,,,,,,,,,,,,,,,,,,,,,,,,,,,,,,,,,,,,,,,,,,,,,,,,,,,,,,,,,,,,,,
600,-3.34E-06,3.04,-1.78E-06,1.62,-2.44E-06,2.22,-1.47E-06,1.34,-1.74E-06,1.58,-1.43E-06,1.30,1.45730,630.00,1.4679,,,,,,,,,,,,,,,,,,,,,,,,,,,,,,,,,,,,,,,,,,,,,,,,,,,,,,,,,,,,,,,,,,,,,,,,,,,,
610,-4.29E-06,3.84,-1.84E-06,1.64,-2.81E-06,2.51,-1.44E-06,1.29,-1.79E-06,1.60,-1.38E-06,1.24,1.45690,635.00,1.4653,,,,,,,,,,,,,,,,,,,,,,,,,,,,,,,,,,,,,,,,,,,,,,,,,,,,,,,,,,,,,,,,,,,,,,,,,,,,
620,-6.05E-06,5.32,-1.95E-06,1.71,-3.41E-06,3.00,-1.43E-06,1.25,-1.88E-06,1.66,-1.35E-06,1.19,1.45660,640.00,1.4629,,,,,,,,,,,,,,,,,,,,,,,,,,,,,,,,,,,,,,,,,,,,,,,,,,,,,,,,,,,,,,,,,,,,,,,,,,,,
630,-9.30E-06,8.06,-2.14E-06,1.85,-4.41E-06,3.82,-1.44E-06,1.25,-2.04E-06,1.77,-1.35E-06,1.17,1.45630,645.00,1.4605,,,,,,,,,,,,,,,,,,,,,,,,,,,,,,,,,,,,,,,,,,,,,,,,,,,,,,,,,,,,,,,,,,,,,,,,,,,,
640,-1.63E-05,13.94,-2.41E-06,2.06,-6.18E-06,5.27,-1.47E-06,1.25,-2.28E-06,1.95,-1.35E-06,1.16,1.45600,650.00,1.4583,,,,,,,,,,,,,,,,,,,,,,,,,,,,,,,,,,,,,,,,,,,,,,,,,,,,,,,,,,,,,,,,,,,,,,,,,,,,
650,-3.30E-05,27.70,-2.83E-06,2.37,-9.67E-06,8.12,-1.50E-06,1.26,-2.63E-06,2.21,-1.36E-06,1.14,1.45570,655.00,1.4562,,,,,,,,,,,,,,,,,,,,,,,,,,,,,,,,,,,,,,,,,,,,,,,,,,,,,,,,,,,,,,,,,,,,,,,,,,,,
660,-5.69E-05,47.04,-3.49E-06,2.88,-1.77E-05,14.65,-1.56E-06,1.29,-3.18E-06,2.63,-1.38E-06,1.14,1.45540,660.00,1.4541,,,,,,,,,,,,,,,,,,,,,,,,,,,,,,,,,,,,,,,,,,,,,,,,,,,,,,,,,,,,,,,,,,,,,,,,,,,,
670,-4.23E-05,34.46,-4.87E-06,3.97,-3.69E-05,30.10,-1.80E-06,1.46,-4.35E-06,3.54,-1.55E-06,1.26,1.45510,665.00,1.4522,,,,,,,,,,,,,,,,,,,,,,,,,,,,,,,,,,,,,,,,,,,,,,,,,,,,,,,,,,,,,,,,,,,,,,,,,,,,
680,-2.44E-05,19.61,-7.34E-06,5.89,-6.73E-05,54.01,-2.11E-06,1.70,-6.35E-06,5.10,-1.76E-06,1.41,1.45480,670.00,1.4503,,,,,,,,,,,,,,,,,,,,,,,,,,,,,,,,,,,,,,,,,,,,,,,,,,,,,,,,,,,,,,,,,,,,,,,,,,,,
690,-1.53E-05,12.11,-1.21E-05,9.61,-5.66E-05,44.77,-2.57E-06,2.03,-1.01E-05,7.99,-2.05E-06,1.62,1.45450,,,,,,,,,,,,,,,,,,,,,,,,,,,,,,,,,,,,,,,,,,,,,,,,,,,,,,,,,,,,,,,,,,,,,,,,,,,,,,
700,-1.07E-05,8.33,-2.27E-05,17.73,-3.19E-05,24.91,-3.22E-06,2.51,-1.80E-05,14.03,-2.45E-06,1.91,1.45430,,,,,,,,,,,,,,,,,,,,,,,,,,,,,,,,,,,,,,,,,,,,,,,,,,,,,,,,,,,,,,,,,,,,,,,,,,,,,,
710,-8.31E-06,6.39,-4.76E-05,36.57,-1.98E-05,15.21,-4.27E-06,3.28,-3.61E-05,27.78,-3.05E-06,2.34,1.45400,,,,,,,,,,,,,,,,,,,,,,,,,,,,,,,,,,,,,,,,,,,,,,,,,,,,,,,,,,,,,,,,,,,,,,,,,,,,,,
720,-6.99E-06,5.30,-8.92E-05,67.63,-1.40E-05,10.63,-5.97E-06,4.52,-7.42E-05,56.24,-3.97E-06,3.01,1.45380,,,,,,,,,,,,,,,,,,,,,,,,,,,,,,,,,,,,,,,,,,,,,,,,,,,,,,,,,,,,,,,,,,,,,,,,,,,,,,
730,-6.13E-06,4.59,-8.26E-05,61.78,-1.09E-05,8.11,-8.80E-06,6.58,-9.65E-05,72.17,-5.38E-06,4.02,1.45350,,,,,,,,,,,,,,,,,,,,,,,,,,,,,,,,,,,,,,,,,,,,,,,,,,,,,,,,,,,,,,,,,,,,,,,,,,,,,,
740,-5.56E-06,4.10,-4.94E-05,36.46,-8.93E-06,6.59,-1.39E-05,10.27,-6.31E-05,46.52,-7.60E-06,5.61,1.45330,,,,,,,,,,,,,,,,,,,,,,,,,,,,,,,,,,,,,,,,,,,,,,,,,,,,,,,,,,,,,,,,,,,,,,,,,,,,,,
750,-5.16E-06,3.76,-3.09E-05,22.47,-7.72E-06,5.61,-2.39E-05,17.36,-3.81E-05,27.70,-1.14E-05,8.31,1.45310,,,,,,,,,,,,,,,,,,,,,,,,,,,,,,,,,,,,,,,,,,,,,,,,,,,,,,,,,,,,,,,,,,,,,,,,,,,,,,
760,-4.90E-06,3.52,-2.15E-05,15.47,-6.91E-06,4.96,-4.46E-05,32.06,-2.55E-05,18.31,-1.83E-05,13.15,1.45290,,,,,,,,,,,,,,,,,,,,,,,,,,,,,,,,,,,,,,,,,,,,,,,,,,,,,,,,,,,,,,,,,,,,,,,,,,,,,,
770,-4.77E-06,3.38,-1.66E-05,11.73,-6.43E-06,4.56,-8.62E-05,61.10,-1.90E-05,13.45,-3.16E-05,22.40,1.45260,,,,,,,,,,,,,,,,,,,,,,,,,,,,,,,,,,,,,,,,,,,,,,,,,,,,,,,,,,,,,,,,,,,,,,,,,,,,,,
780,-4.67E-06,3.27,-1.35E-05,9.47,-6.07E-06,4.25,-1.29E-04,90.43,-1.51E-05,10.60,-5.87E-05,41.06,1.45240,,,,,,,,,,,,,,,,,,,,,,,,,,,,,,,,,,,,,,,,,,,,,,,,,,,,,,,,,,,,,,,,,,,,,,,,,,,,,,
790,-4.63E-06,3.20,-1.16E-05,8.00,-5.83E-06,4.03,-1.01E-04,70.00,-1.27E-05,8.79,-1.09E-04,75.01,1.45220,,,,,,,,,,,,,,,,,,,,,,,,,,,,,,,,,,,,,,,,,,,,,,,,,,,,,,,,,,,,,,,,,,,,,,,,,,,,,,
800,-4.63E-06,3.16,-1.03E-05,7.04,-5.69E-06,3.88,-6.46E-05,44.04,-1.12E-05,7.62,-1.40E-04,95.22,1.45200,,,,,,,,,,,,,,,,,,,,,,,,,,,,,,,,,,,,,,,,,,,,,,,,,,,,,,,,,,,,,,,,,,,,,,,,,,,,,,
810,-4.63E-06,3.12,-9.39E-06,6.33,-5.57E-06,3.75,-4.36E-05,29.36,-1.01E-05,6.78,-1.01E-04,68.11,1.45180,,,,,,,,,,,,,,,,,,,,,,,,,,,,,,,,,,,,,,,,,,,,,,,,,,,,,,,,,,,,,,,,,,,,,,,,,,,,,,
820,-4.67E-06,3.11,-8.73E-06,5.81,-5.52E-06,3.67,-3.18E-05,21.14,-9.27E-06,6.17,-6.57E-05,43.69,1.45160,,,,,,,,,,,,,,,,,,,,,,,,,,,,,,,,,,,,,,,,,,,,,,,,,,,,,,,,,,,,,,,,,,,,,,,,,,,,,,
830,-4.73E-06,3.11,-8.27E-06,5.44,-5.50E-06,3.61,-2.48E-05,16.32,-8.71E-06,5.73,-4.56E-05,29.95,1.45140,,,,,,,,,,,,,,,,,,,,,,,,,,,,,,,,,,,,,,,,,,,,,,,,,,,,,,,,,,,,,,,,,,,,,,,,,,,,,,
840,-4.75E-06,3.08,-7.90E-06,5.13,-5.46E-06,3.54,-2.05E-05,13.31,-8.27E-06,5.37,-3.41E-05,22.14,1.45120,,,,,,,,,,,,,,,,,,,,,,,,,,,,,,,,,,,,,,,,,,,,,,,,,,,,,,,,,,,,,,,,,,,,,,,,,,,,,,
850,-4.77E-06,3.06,-7.56E-06,4.85,-5.42E-06,3.48,-1.74E-05,11.18,-7.88E-06,5.06,-2.68E-05,17.23,1.45100,,,,,,,,,,,,,,,,,,,,,,,,,,,,,,,,,,,,,,,,,,,,,,,,,,,,,,,,,,,,,,,,,,,,,,,,,,,,,,
,,,,,,,,,,,,,,,,,,,,,,,,,,,,,,,,,,,,,,,,,,,,,,,,,,,,,,,,,,,,,,,,,,,,,,,,,,,,,,,,,,,,,,,,,,,
,,,,,,,,,,,,,,,,,,,,,,,,,,,,,,,,,,,,,,,,,,,,,,,,,,,,,,,,,,,,,,,,,,,,,,,,,,,,,,,,,,,,,,,,,,,
,,,,,,,,,,,,,,,,,,,,,,,,,,,,,,,,,,,,,,,,,,,,,,,,,,,,,,,,,,,,,,,,,,,,,,,,,,,,,,,,,,,,,,,,,,,
,,,,,,,,,,,,,,,,,,,,,,,,,,,,,,,,,,,,,,,,,,,,,,,,,,,,,,,,,,,,,,,,,,,,,,,,,,,,,,,,,,,,,,,,,,,
,,,,,,,,,,,,,,,,,,,,,,,,,,,,,,,,,,,,,,,,,,,,,,,,,,,,,,,,,,,,,,,,,,,,,,,,,,,,,,,,,,,,,,,,,,,
,,,,,,,,,,,,,,,,,,,,,,,,,,,,,,,,,,,,,,,,,,,,,,,,,,,,,,,,,,,,,,,,,,,,,,,,,,,,,,,,,,,,,,,,,,,
,,,,,,,,,,,,,,,,,,,,,,,,,,,,,,,,,,,,,,,,,,,,,,,,,,,,,,,,,,,,,,,,,,,,,,,,,,,,,,,,,,,,,,,,,,,
,,,,,,,,,,,,,,,,,,,,,,,,,,,,,,,,,,,,,,,,,,,,,,,,,,,,,,,,,,,,,,,,,,,,,,,,,,,,,,,,,,,,,,,,,,,
