Wavelength,Img-1.36 d=0.85um,CL-1.36 d=0.85um,Img-1.38 d=0.85um,CL-1.38 d=0.85um,Img-1.36 d=0.95um,CL-1.36 d=0.95um,Img-1.38 d=0.95um,CL-1.38 d=0.95um,Img-1.36 d=1.05um,CL-1.36 d=1.05um,Img-1.38 d=1.05um,CL-1.38 d=1.05um,Img-1.36 d=1.15um,CL-1.36 d=1.15um,Img-1.38 d=1.15um,CL-1.38 d=1.15um,Img-1.36 d=1.25um,CL-1.36 d-1.25um,Img-1.38 d=1.25um,CL-1.38 d=1.25um,Img-1.36 d=1.35um,CL-1.36 d=1.35um,Img-1.38 d=1.35um,CL-1.38 d=1.35um,,,,,,,,,,,,,,,,,,,,,,,,,,,,,,,,,
600,0.00,2.85,-1.66E-06,1.51,-3.24E-06,2.94,-1.72E-06,1.57,-3.34E-06,3.04,-1.78E-06,1.62,-3.44E-06,3.13,-1.83E-06,1.66,-3.54E-06,3.22,-1.88E-06,1.71,-3.64E-06,3.31,0.00,1.76,,,,,,,,,,,,,,,,,,,,,,,,,,,,,,,,,
610,-4.03E-06,3.61,0.00,1.54,0.00,3.73,0.00,1.59,-4.29E-06,3.84,-1.84E-06,1.64,0.00,3.96,0.00,1.69,0.00,4.07,0.00,1.74,0.00,4.19,-2.00E-06,1.79,,,,,,,,,,,,,,,,,,,,,,,,,,,,,,,,,
620,0.00,5.00,-1.82E-06,1.61,-5.87E-06,5.16,-1.89E-06,1.66,-6.05E-06,5.32,-1.95E-06,1.71,-6.23E-06,5.48,-2.00E-06,1.76,-6.41E-06,5.64,-2.06E-06,1.82,-6.59E-06,5.80,0.00,1.87,,,,,,,,,,,,,,,,,,,,,,,,,,,,,,,,,
630,-8.74E-06,7.57,-2.00E-06,1.74,0.00,7.82,0.00,1.79,-9.30E-06,8.06,-2.14E-06,1.85,0.00,8.30,0.00,1.91,0.00,8.53,0.00,1.96,0.00,8.77,-2.33E-06,2.02,,,,,,,,,,,,,,,,,,,,,,,,,,,,,,,,,
640,-1.54E-05,13.11,-2.26E-06,1.93,-1.59E-05,13.53,-2.34E-06,1.99,-1.63E-05,13.94,-2.41E-06,2.06,-1.68E-05,14.34,-2.48E-06,2.12,-1.73E-05,14.74,-2.55E-06,2.18,-1.78E-05,15.14,-2.63E-06,2.24,,,,,,,,,,,,,,,,,,,,,,,,,,,,,,,,,
650,-3.10E-05,26.05,-2.65E-06,2.23,0.00,26.89,0.00,2.30,-3.30E-05,27.70,-2.83E-06,2.37,0.00,28.50,0.00,2.44,0.00,29.28,-2.99E-06,2.51,-3.58E-05,30.07,-3.07E-06,2.58,,,,,,,,,,,,,,,,,,,,,,,,,,,,,,,,,
660,-5.32E-05,43.98,-3.28E-06,2.71,-5.51E-05,45.53,-3.38E-06,2.80,-5.69E-05,47.04,-3.49E-06,2.88,-5.87E-05,48.53,-3.59E-06,2.97,-6.05E-05,50.01,-3.69E-06,3.05,-6.23E-05,51.50,-3.79E-06,3.13,,,,,,,,,,,,,,,,,,,,,,,,,,,,,,,,,
670,-3.94E-05,32.08,-4.59E-06,3.74,0.00,33.29,0.00,3.86,-4.23E-05,34.46,-4.87E-06,3.97,0.00,35.63,-5.01E-06,4.08,-4.52E-05,36.80,-5.15E-06,4.20,-4.66E-05,37.97,-5.29E-06,4.31,,,,,,,,,,,,,,,,,,,,,,,,,,,,,,,,,
680,-2.28E-05,18.26,-6.91E-06,5.55,-2.36E-05,18.94,-7.13E-06,5.72,-2.44E-05,19.61,-7.34E-06,5.89,-2.53E-05,20.27,-7.54E-06,6.05,-2.61E-05,20.93,-7.75E-06,6.22,-2.69E-05,21.59,-7.95E-06,6.38,,,,,,,,,,,,,,,,,,,,,,,,,,,,,,,,,
690,-1.43E-05,11.29,-1.15E-05,9.06,0.00,11.70,0.00,9.34,-1.53E-05,12.11,-1.21E-05,9.61,0.00,12.51,-1.25E-05,9.87,-1.63E-05,12.91,-1.28E-05,10.12,-1.68E-05,13.31,-1.31E-05,10.38,,,,,,,,,,,,,,,,,,,,,,,,,,,,,,,,,
700,-9.96E-06,7.77,-2.15E-05,16.76,-1.03E-05,8.05,-2.21E-05,17.26,-1.07E-05,8.33,-2.27E-05,17.73,-1.10E-05,8.60,-2.33E-05,18.19,-1.14E-05,8.87,-2.39E-05,18.64,-1.17E-05,9.14,-2.45E-05,19.09,,,,,,,,,,,,,,,,,,,,,,,,,,,,,,,,,
710,-7.76E-06,5.96,-4.50E-05,34.62,0.00,6.18,0.00,35.62,-8.31E-06,6.39,-4.76E-05,36.57,0.00,6.59,-4.88E-05,37.49,-8.84E-06,6.80,-4.99E-05,38.39,-9.11E-06,7.01,-5.11E-05,39.29,,,,,,,,,,,,,,,,,,,,,,,,,,,,,,,,,
720,-6.52E-06,4.95,-8.38E-05,63.51,-6.76E-06,5.12,-8.66E-05,65.61,-6.99E-06,5.30,-8.92E-05,67.63,-7.21E-06,5.47,-9.18E-05,69.60,-7.43E-06,5.63,-9.44E-05,71.55,-7.66E-06,5.80,-9.69E-05,73.48,,,,,,,,,,,,,,,,,,,,,,,,,,,,,,,,,
730,-5.73E-06,4.29,-7.66E-05,57.26,0.00,4.44,0.00,59.55,-6.13E-06,4.59,-8.26E-05,61.78,-6.33E-06,4.73,-8.56E-05,64.00,-6.52E-06,4.88,-8.86E-05,66.22,-6.72E-06,5.02,-9.16E-05,68.47,,,,,,,,,,,,,,,,,,,,,,,,,,,,,,,,,
740,-5.19E-06,3.83,-4.58E-05,33.77,-5.38E-06,3.97,-4.76E-05,35.13,-5.56E-06,4.10,-4.94E-05,36.46,-5.73E-06,4.23,-5.12E-05,37.77,-5.91E-06,4.36,-5.30E-05,39.09,-6.08E-06,4.49,-5.48E-05,40.43,,,,,,,,,,,,,,,,,,,,,,,,,,,,,,,,,
750,-4.83E-06,3.51,-2.87E-05,20.85,0.00,3.64,0.00,21.67,-5.16E-06,3.76,-3.09E-05,22.47,-5.33E-06,3.88,-3.20E-05,23.26,-5.49E-06,3.99,-3.31E-05,24.06,-5.65E-06,4.11,-3.42E-05,24.86,,,,,,,,,,,,,,,,,,,,,,,,,,,,,,,,,
760,-4.58E-06,3.29,-2.00E-05,14.37,-4.74E-06,3.41,-2.08E-05,14.93,-4.90E-06,3.52,-2.15E-05,15.47,-5.05E-06,3.63,-2.23E-05,16.00,-5.21E-06,3.74,-2.30E-05,16.54,-5.36E-06,3.85,-2.38E-05,17.07,,,,,,,,,,,,,,,,,,,,,,,,,,,,,,,,,
770,-4.46E-06,3.16,-1.54E-05,10.92,0.00,3.27,-1.60E-05,11.33,-4.77E-06,3.38,-1.66E-05,11.73,-4.92E-06,3.49,-1.71E-05,12.13,-5.07E-06,3.59,-1.77E-05,12.53,-5.21E-06,3.70,-1.82E-05,12.92,,,,,,,,,,,,,,,,,,,,,,,,,,,,,,,,,
780,-4.36E-06,3.05,-1.26E-05,8.82,-4.52E-06,3.16,-1.31E-05,9.15,-4.67E-06,3.27,-1.35E-05,9.47,-4.81E-06,3.37,-1.40E-05,9.79,-4.96E-06,3.47,-1.44E-05,10.10,-5.10E-06,3.57,-1.49E-05,10.42,,,,,,,,,,,,,,,,,,,,,,,,,,,,,,,,,
790,-4.33E-06,2.99,-1.08E-05,7.45,-4.48E-06,3.09,-1.12E-05,7.73,-4.63E-06,3.20,-1.16E-05,8.00,-4.77E-06,3.29,-1.20E-05,8.26,-4.91E-06,3.39,-1.23E-05,8.52,-5.06E-06,3.49,-1.27E-05,8.79,,,,,,,,,,,,,,,,,,,,,,,,,,,,,,,,,
800,-4.34E-06,2.96,-9.62E-06,6.56,-4.49E-06,3.06,-9.97E-06,6.80,-4.63E-06,3.16,-1.03E-05,7.04,-4.78E-06,3.26,-1.06E-05,7.27,-4.92E-06,3.35,-1.10E-05,7.49,-5.06E-06,3.45,-1.13E-05,7.72,,,,,,,,,,,,,,,,,,,,,,,,,,,,,,,,,
810,-4.33E-06,2.92,-8.76E-06,5.90,-4.48E-06,3.02,-9.08E-06,6.12,-4.63E-06,3.12,-9.39E-06,6.33,-4.77E-06,3.21,-9.70E-06,6.53,-4.91E-06,3.31,-1.00E-05,6.74,-5.06E-06,3.41,-1.03E-05,6.94,,,,,,,,,,,,,,,,,,,,,,,,,,,,,,,,,
820,-4.37E-06,2.91,-8.15E-06,5.42,-4.52E-06,3.01,-8.45E-06,5.62,-4.67E-06,3.11,-8.73E-06,5.81,-4.82E-06,3.21,-9.01E-06,6.00,-4.96E-06,3.30,-9.29E-06,6.18,-5.10E-06,3.40,-9.57E-06,6.37,,,,,,,,,,,,,,,,,,,,,,,,,,,,,,,,,
830,-4.43E-06,2.91,-7.72E-06,5.08,-4.58E-06,3.01,-8.00E-06,5.26,-4.73E-06,3.11,-8.27E-06,5.44,-4.87E-06,3.20,-8.53E-06,5.61,-5.02E-06,3.30,-8.79E-06,5.78,-5.16E-06,3.39,-9.05E-06,5.95,,,,,,,,,,,,,,,,,,,,,,,,,,,,,,,,,
840,-4.44E-06,2.89,-7.38E-06,4.79,-4.60E-06,2.99,-7.64E-06,4.97,-4.75E-06,3.08,-7.90E-06,5.13,-4.89E-06,3.18,-8.15E-06,5.29,-5.04E-06,3.27,-8.39E-06,5.45,-5.18E-06,3.37,-8.64E-06,5.61,,,,,,,,,,,,,,,,,,,,,,,,,,,,,,,,,
850,-4.46E-06,2.87,-7.06E-06,4.53,-4.62E-06,2.97,-7.32E-06,4.70,-4.77E-06,3.06,-7.56E-06,4.85,-4.92E-06,3.16,-7.80E-06,5.01,-5.06E-06,3.25,-8.04E-06,5.16,-5.21E-06,3.34,-8.27E-06,5.31,,,,,,,,,,,,,,,,,,,,,,,,,,,,,,,,,
,,,,,,,,,,,,,,,,,,,,,,,,,,,,,,,,,,,,,,,,,,,,,,,,,,,,,,,,,
,,,,,,,,,,,,,,,,,,,,,,,,,,,,,,,,,,,,,,,,,,,,,,,,,,,,,,,,,
,,,,,,,,,,,,,,,,,,,,,,,,,,,,,,,,,,,,,,,,,,,,,,,,,,,,,,,,,
,,,,,,,,,,,,,,,,,,,,,,,,,,,,,,,,,,,,,,,,,,,,,,,,,,,,,,,,,
,,,,,,,,,,,,,,,,,,,,,,,,,,,,,,,,,,,,,,,,,,,,,,,,,,,,,,,,,
,,,,,,,,,,,,,,,,,,,,,,,,,,,,,,,,,,,,,,,,,,,,,,,,,,,,,,,,,
,,,,,,,,,,,,,,,,,,,,,,,,,,,,,,,,,,,,,,,,,,,,,,,,,,,,,,,,,
,,,,,,,,,,,,,,,,,,,,,,,,,,,,,,,,,,,,,,,,,,,,,,,,,,,,,,,,,
,,,,,,,,,,,,,,,,,,,,,,,,,,,,,,,,,,,,,,,,,,,,,,,,,,,,,,,,,
,,,,,,,,,,,,,,,,,,,,,,,,,,,,,,,,,,,,,,,,,,,,,,,,,,,,,,,,,
,,,,,,,,,,,,,,,,,,,,,,,,,,,,,,,,,,,,,,,,,,,,,,,,,,,,,,,,,
,,,,,,,,,,,,,,,,,,,,,,,,,,,,,,,,,,,,,,,,,,,,,,,,,,,,,,,,,
