Wavelength for 1.36,Wavelength for 1.38,Img-1.36 d=0.9975um,CL-1.36 d=0.9975um,Img-1.38 d=0.9975um,CL-1.38 d=0.9975um,Img-1.36 d=1.0238um,CL-1.36 d=1.0238um,Img-1.38 d=1.0238um,CL-1.38 d=1.0238um,Img-1.36 d=1.05um,CL-1.36 d=1.05um,Img-1.38 d=1.05um,CL-1.38 d=1.05um,Img-1.36 d=1.0763um,CL-1.36 d=1.0763um,Img-1.38 d=1.0763um,CL-1.38 d=1.0763um,Img-1.36 d=1.1025um,CL-1.36 d=1.1025um,Img-1.38 d=1.1025um,CL-1.38 d=1.1025um,,,,,,,,,,,,,,,,,,,,,,,,,,
650,715,0.00,27.28,-6.72E-05,51.29,-3.27E-05,27.49,-6.77E-05,51.65,0.00,27.70,-6.81E-05,52.01,0.00,27.91,-6.86E-05,52.37,-3.35E-05,28.12,-6.91E-05,52.73,,,,,,,,,,,,,,,,,,,,,,,,,,
651,716,0.00,29.30,-7.17E-05,54.62,0.00,29.52,-7.22E-05,55.01,-3.55E-05,29.75,-7.27E-05,55.40,-3.58E-05,29.98,-7.32E-05,55.79,-3.60E-05,30.20,-7.37E-05,56.18,,,,,,,,,,,,,,,,,,,,,,,,,,
652,717,0.00,31.42,-7.61E-05,57.92,-3.78E-05,31.67,-7.67E-05,58.34,0.00,31.92,-7.72E-05,58.77,0.00,32.16,-7.78E-05,59.19,-3.87E-05,32.40,-7.83E-05,59.60,,,,,,,,,,,,,,,,,,,,,,,,,,
653,718,0.00,33.64,-8.04E-05,61.09,0.00,33.90,-8.10E-05,61.55,-4.09E-05,34.17,-8.16E-05,62.00,-4.12E-05,34.43,-8.22E-05,62.45,-4.15E-05,34.69,-8.28E-05,62.90,,,,,,,,,,,,,,,,,,,,,,,,,,
654,719,0.00,35.90,-8.43E-05,64.01,-4.34E-05,36.19,-8.50E-05,64.51,0.00,36.47,-8.56E-05,65.00,0.00,36.75,-8.63E-05,65.48,-4.44E-05,37.03,-8.69E-05,65.97,,,,,,,,,,,,,,,,,,,,,,,,,,
655,720,0.00,38.16,-8.78E-05,66.58,0.00,38.47,-8.85E-05,67.11,-4.65E-05,38.77,-8.92E-05,67.63,-4.69E-05,39.07,-8.99E-05,68.16,-4.73E-05,39.37,-9.06E-05,68.67,,,,,,,,,,,,,,,,,,,,,,,,,,
656,721,-4.85E-05,40.34,-9.07E-05,68.67,-4.89E-05,40.67,-9.15E-05,69.23,0.00,41.00,-9.22E-05,69.79,-4.97E-05,41.32,-9.29E-05,70.34,-5.01E-05,41.64,-9.37E-05,70.89,,,,,,,,,,,,,,,,,,,,,,,,,,
657,722,0.00,42.37,-9.28E-05,70.17,0.00,42.71,-9.36E-05,70.76,-5.18E-05,43.06,-9.44E-05,71.35,-5.22E-05,43.40,-9.52E-05,71.93,-5.27E-05,43.74,-9.59E-05,72.51,,,,,,,,,,,,,,,,,,,,,,,,,,
658,723,-5.32E-05,44.13,-9.41E-05,71.01,-5.36E-05,44.49,-9.49E-05,71.63,0.00,44.86,-9.57E-05,72.23,-5.45E-05,45.22,-9.65E-05,72.84,-5.50E-05,45.58,-9.73E-05,73.45,,,,,,,,,,,,,,,,,,,,,,,,,,
659,724,0.00,45.53,-9.44E-05,71.15,0.00,45.91,-9.52E-05,71.79,-5.59E-05,46.29,-9.61E-05,72.41,-5.64E-05,46.67,-9.69E-05,73.04,-5.68E-05,47.05,-9.77E-05,73.66,,,,,,,,,,,,,,,,,,,,,,,,,,
660,725,-5.59E-05,46.25,-9.38E-05,70.62,-5.64E-05,46.65,-9.47E-05,71.26,-5.69E-05,47.04,-9.55E-05,71.90,-5.74E-05,47.43,-9.64E-05,72.54,-5.78E-05,47.82,-9.72E-05,73.17,,,,,,,,,,,,,,,,,,,,,,,,,,
661,726,0.00,46.31,-9.24E-05,69.46,0.00,46.71,-9.33E-05,70.11,-5.71E-05,47.11,-9.41E-05,70.75,-5.75E-05,47.51,-9.50E-05,71.38,-5.80E-05,47.90,-9.58E-05,72.02,,,,,,,,,,,,,,,,,,,,,,,,,,
662,727,-5.57E-05,45.94,-9.03E-05,67.78,-5.62E-05,46.34,-9.11E-05,68.42,-5.67E-05,46.74,-9.20E-05,69.05,-5.72E-05,47.14,-9.28E-05,69.68,-5.77E-05,47.54,-9.37E-05,70.31,,,,,,,,,,,,,,,,,,,,,,,,,,
663,728,0.00,45.18,-8.76E-05,65.67,0.00,45.58,-8.84E-05,66.29,-5.59E-05,45.98,-8.93E-05,66.91,-5.63E-05,46.38,-9.01E-05,67.54,-5.68E-05,46.77,-9.09E-05,68.15,,,,,,,,,,,,,,,,,,,,,,,,,,
664,729,-5.36E-05,44.09,-8.45E-05,63.24,-5.41E-05,44.48,-8.53E-05,63.85,-5.46E-05,44.87,-8.61E-05,64.46,-5.51E-05,45.26,-8.69E-05,65.06,-5.55E-05,45.65,-8.77E-05,65.66,,,,,,,,,,,,,,,,,,,,,,,,,,
665,730,0.00,42.71,-8.11E-05,60.61,-5.25E-05,43.09,-8.19E-05,61.20,-5.30E-05,43.47,-8.26E-05,61.78,-5.34E-05,43.85,-8.34E-05,62.37,-5.39E-05,44.23,-8.42E-05,62.95,,,,,,,,,,,,,,,,,,,,,,,,,,
666,731,-5.02E-05,41.12,-7.75E-05,57.87,-5.06E-05,41.49,-7.83E-05,58.43,-5.11E-05,41.86,-7.90E-05,58.99,-5.15E-05,42.23,-7.98E-05,59.55,-5.20E-05,42.59,-8.05E-05,60.11,,,,,,,,,,,,,,,,,,,,,,,,,,
667,732,-4.81E-05,39.38,-7.39E-05,55.08,-4.86E-05,39.74,-7.46E-05,55.62,-4.90E-05,40.10,-7.53E-05,56.15,-4.94E-05,40.45,-7.60E-05,56.68,-4.99E-05,40.80,-7.67E-05,57.22,,,,,,,,,,,,,,,,,,,,,,,,,,
668,733,-4.60E-05,37.56,-7.03E-05,52.31,-4.64E-05,37.90,-7.09E-05,52.82,-4.68E-05,38.24,-7.16E-05,53.33,-4.72E-05,38.58,-7.23E-05,53.84,-4.76E-05,38.92,-7.30E-05,54.34,,,,,,,,,,,,,,,,,,,,,,,,,,
669,734,-4.38E-05,35.70,-6.67E-05,49.59,-4.42E-05,36.03,-6.74E-05,50.08,-4.46E-05,36.35,-6.80E-05,50.56,-4.50E-05,36.68,-6.87E-05,51.05,-4.54E-05,37.00,-6.93E-05,51.53,,,,,,,,,,,,,,,,,,,,,,,,,,
670,735,-4.16E-05,33.85,-6.33E-05,46.98,-4.19E-05,34.16,-6.39E-05,47.44,-4.23E-05,34.46,-6.45E-05,47.89,-4.27E-05,34.77,-6.51E-05,48.35,-4.31E-05,35.08,-6.57E-05,48.81,,,,,,,,,,,,,,,,,,,,,,,,,,
671,736,-3.94E-05,32.03,-6.00E-05,44.47,-3.97E-05,32.32,-6.06E-05,44.91,-4.01E-05,32.61,-6.11E-05,45.34,-4.05E-05,32.90,-6.17E-05,45.77,-4.08E-05,33.19,-6.23E-05,46.20,,,,,,,,,,,,,,,,,,,,,,,,,,
672,737,-3.73E-05,30.27,-5.68E-05,42.09,-3.76E-05,30.55,-5.74E-05,42.50,-3.80E-05,30.82,-5.80E-05,42.91,-3.83E-05,31.10,-5.85E-05,43.32,-3.86E-05,31.37,-5.91E-05,43.73,,,,,,,,,,,,,,,,,,,,,,,,,,
673,738,-3.52E-05,28.59,-5.39E-05,39.85,-3.56E-05,28.85,-5.44E-05,40.24,-3.59E-05,29.11,-5.49E-05,40.62,-3.62E-05,29.37,-5.55E-05,41.01,-3.65E-05,29.62,-5.60E-05,41.40,,,,,,,,,,,,,,,,,,,,,,,,,,
674,739,-3.33E-05,26.99,-5.11E-05,37.74,-3.36E-05,27.23,-5.16E-05,38.11,-3.39E-05,27.48,-5.21E-05,38.47,-3.42E-05,27.72,-5.26E-05,38.84,-3.45E-05,27.97,-5.31E-05,39.20,,,,,,,,,,,,,,,,,,,,,,,,,,
675,740,-3.15E-05,25.47,-4.85E-05,35.76,-3.18E-05,25.71,-4.90E-05,36.11,-3.21E-05,25.94,-4.94E-05,36.46,-3.24E-05,26.17,-4.99E-05,36.80,-3.27E-05,26.40,-5.04E-05,37.15,,,,,,,,,,,,,,,,,,,,,,,,,,
,,,,,,,,,,,,,,,,,,,,,,,,,,,,,,,,,,,,,,,,,,,,,,,
,,,,,,,,,,,,,,,,,,,,,,,,,,,,,,,,,,,,,,,,,,,,,,,
,,,,,,,,,,,,,,,,,,,,,,,,,,,,,,,,,,,,,,,,,,,,,,,
,,,,,,,,,,,,,,,,,,,,,,,,,,,,,,,,,,,,,,,,,,,,,,,
,,,,,,,,,,,,,,,,,,,,,,,,,,,,,,,,,,,,,,,,,,,,,,,
,,,,,,,,,,,,,,,,,,,,,,,,,,,,,,,,,,,,,,,,,,,,,,,
,,,,,,,,,,,,,,,,,,,,,,,,,,,,,,,,,,,,,,,,,,,,,,,
,,,,,,,,,,,,,,,,,,,,,,,,,,,,,,,,,,,,,,,,,,,,,,,
,,,,,,,,,,,,,,,,,,,,,,,,,,,,,,,,,,,,,,,,,,,,,,,
