Wavelength,Img-1.360 tg=30um,CL-1.36 tg=30um,Img-1.38 tg=30um,CL-1.38 tg=30um,Img-1.36 tg=40um,CL-1.36 tg=40um,Img-1.38 tg=40um,CL-1.38 tg=40um,Img-1.36 tg=50um ,CL-1.360 tg=50um,Img-1.380 tg=50um,CL-1.380 tg=50um,Img-1.36 tg=60um ,CL-1.36 tg=60um,Img-1.38 tg=60um,CL-1.38 tg=60um,tg values(um),WS (nm/riu),,,,,,,,,,,,,,,,,,,,,,,,,,
600,-6.68E-05,60.77,-1.03E-05,9.33,-8.84E-06,8.04,-3.02E-06,2.74,-3.34E-06,3.04,-1.78E-06,1.62,-2.01E-06,1.83,-1.45E-06,1.32,30,2500,,,,,,,,,,,,,,,,,,,,,,,,,,
610,-1.32E-04,118.03,-1.37E-05,12.28,-1.35E-05,12.08,-3.41E-06,3.05,-4.29E-06,3.84,-1.84E-06,1.64,-2.28E-06,2.04,-1.42E-06,1.27,40,3000,,,,,,,,,,,,,,,,,,,,,,,,,,
620,-1.39E-04,122.43,-1.95E-05,17.16,-2.30E-05,20.29,-4.00E-06,3.52,-6.05E-06,5.32,-1.95E-06,1.71,-2.80E-06,2.46,-1.42E-06,1.25,50,3000,,,,,,,,,,,,,,,,,,,,,,,,,,
630,-8.02E-05,69.44,-2.94E-05,25.46,-4.29E-05,37.19,-4.87E-06,4.22,-9.30E-06,8.06,-2.14E-06,1.85,-3.74E-06,3.24,-1.46E-06,1.26,60,3000,,,,,,,,,,,,,,,,,,,,,,,,,,
640,-4.58E-05,39.04,-4.88E-05,41.60,-8.43E-05,71.88,-6.19E-06,5.28,-1.63E-05,13.94,-2.41E-06,2.06,-5.68E-06,4.84,-1.52E-06,1.29,,,,,,,,,,,,,,,,,,,,,,,,,,,,
650,-2.82E-05,23.69,-9.28E-05,77.95,-9.87E-05,82.88,-8.28E-06,6.95,-3.30E-05,27.70,-2.83E-06,2.37,-1.02E-05,8.52,-1.61E-06,1.36,,,,,,,,,,,,,,,,,,,,,,,,,,,,
660,-1.87E-05,15.48,-2.15E-04,177.92,-5.44E-05,44.97,-1.19E-05,9.84,-5.69E-05,47.04,-3.49E-06,2.88,-2.07E-05,17.15,-1.78E-06,1.48,,,,,,,,,,,,,,,,,,,,,,,,,,,,
670,-1.47E-05,11.97,-3.72E-04,303.05,-3.16E-05,25.75,-1.96E-05,15.93,-4.23E-05,34.46,-4.87E-06,3.97,-2.71E-05,22.06,-2.24E-06,1.82,,,,,,,,,,,,,,,,,,,,,,,,,,,,
680,-1.21E-05,9.68,-1.32E-04,105.99,-2.07E-05,16.65,-3.58E-05,28.75,-2.44E-05,19.61,-7.34E-06,5.89,-1.87E-05,15.01,-2.99E-06,2.40,,,,,,,,,,,,,,,,,,,,,,,,,,,,
690,-1.03E-05,8.11,-7.34E-05,58.06,-1.50E-05,11.84,-7.55E-05,59.69,-1.53E-05,12.11,-1.21E-05,9.61,-1.14E-05,9.00,-4.33E-06,3.43,,,,,,,,,,,,,,,,,,,,,,,,,,,,
700,-8.95E-06,6.98,-4.69E-05,36.54,-1.16E-05,9.02,-1.81E-04,140.90,-1.07E-05,8.33,-2.27E-05,17.73,-7.62E-06,5.94,-7.03E-06,5.48,,,,,,,,,,,,,,,,,,,,,,,,,,,,
710,-8.15E-06,6.26,-3.38E-05,25.97,-9.64E-06,7.41,-1.85E-04,142.20,-8.31E-06,6.39,-4.76E-05,36.57,-5.79E-06,4.45,-1.29E-05,9.94,,,,,,,,,,,,,,,,,,,,,,,,,,,,
720,-7.67E-06,5.81,-2.66E-05,20.15,-8.49E-06,6.44,-9.50E-05,72.01,-6.99E-06,5.30,-8.92E-05,67.63,-4.83E-06,3.66,-2.57E-05,19.48,,,,,,,,,,,,,,,,,,,,,,,,,,,,
730,-7.31E-06,5.47,-2.20E-05,16.41,-7.69E-06,5.75,-5.57E-05,41.66,-6.13E-06,4.59,-8.26E-05,61.78,-4.25E-06,3.18,-4.20E-05,31.37,,,,,,,,,,,,,,,,,,,,,,,,,,,,
740,-7.05E-06,5.20,-1.88E-05,13.88,-7.11E-06,5.24,-3.72E-05,27.46,-5.56E-06,4.10,-4.94E-05,36.46,-3.87E-06,2.85,-3.66E-05,26.99,,,,,,,,,,,,,,,,,,,,,,,,,,,,
750,-6.85E-06,4.99,-1.66E-05,12.08,-6.69E-06,4.87,-2.74E-05,19.91,-5.16E-06,3.76,-3.09E-05,22.47,-3.63E-06,2.64,-2.33E-05,16.94,,,,,,,,,,,,,,,,,,,,,,,,,,,,
760,-6.74E-06,4.84,-1.51E-05,10.82,-6.41E-06,4.60,-2.17E-05,15.57,-4.90E-06,3.52,-2.15E-05,15.47,-3.49E-06,2.51,-1.56E-05,11.19,,,,,,,,,,,,,,,,,,,,,,,,,,,,
770,-6.71E-06,4.76,-1.40E-05,9.92,-6.25E-06,4.43,-1.82E-05,12.88,-4.77E-06,3.38,-1.66E-05,11.73,-3.41E-06,2.42,-1.15E-05,8.15,,,,,,,,,,,,,,,,,,,,,,,,,,,,
780,-6.72E-06,4.70,-1.32E-05,9.24,-6.15E-06,4.30,-1.58E-05,11.08,-4.67E-06,3.27,-1.35E-05,9.47,-3.41E-06,2.39,-9.22E-06,6.45,,,,,,,,,,,,,,,,,,,,,,,,,,,,
790,-6.75E-06,4.66,-1.26E-05,8.70,-6.09E-06,4.20,-1.42E-05,9.79,-4.63E-06,3.20,-1.16E-05,8.00,-3.42E-06,2.36,-7.86E-06,5.43,,,,,,,,,,,,,,,,,,,,,,,,,,,,
800,-6.80E-06,4.64,-1.21E-05,8.28,-6.08E-06,4.14,-1.30E-05,8.86,-4.63E-06,3.16,-1.03E-05,7.04,-3.43E-06,2.34,-6.93E-06,4.73,,,,,,,,,,,,,,,,,,,,,,,,,,,,
810,-6.88E-06,4.64,-1.18E-05,7.96,-6.08E-06,4.09,-1.21E-05,8.16,-4.63E-06,3.12,-9.39E-06,6.33,-3.50E-06,2.36,-6.36E-06,4.29,,,,,,,,,,,,,,,,,,,,,,,,,,,,
820,-6.98E-06,4.65,-1.16E-05,7.70,-6.12E-06,4.07,-1.15E-05,7.62,-4.67E-06,3.11,-8.73E-06,5.81,-3.59E-06,2.39,-6.04E-06,4.02,,,,,,,,,,,,,,,,,,,,,,,,,,,,
830,-7.04E-06,4.63,-1.13E-05,7.43,-6.14E-06,4.04,-1.09E-05,7.18,-4.73E-06,3.11,-8.27E-06,5.44,-3.60E-06,2.37,-5.69E-06,3.74,,,,,,,,,,,,,,,,,,,,,,,,,,,,
840,-7.10E-06,4.62,-1.11E-05,7.21,-6.15E-06,4.00,-1.05E-05,6.81,-4.75E-06,3.08,-7.90E-06,5.13,-3.66E-06,2.38,-5.45E-06,3.54,,,,,,,,,,,,,,,,,,,,,,,,,,,,
850,-7.19E-06,4.62,-1.09E-05,7.02,-6.20E-06,3.98,-1.01E-05,6.50,-4.77E-06,3.06,-7.56E-06,4.85,-3.78E-06,2.43,-5.36E-06,3.44,,,,,,,,,,,,,,,,,,,,,,,,,,,,
,,,,,,,,,,,,,,,,,,,,,,,,,,,,,,,,,,,,,,,,,,,,
,,,,,,,,,,,,,,,,,,,,,,,,,,,,,,,,,,,,,,,,,,,,
,,,,,,,,,,,,,,,,,,,,,,,,,,,,,,,,,,,,,,,,,,,,
,,,,,,,,,,,,,,,,,,,,,,,,,,,,,,,,,,,,,,,,,,,,
,,,,,,,,,,,,,,,,,,,,,,,,,,,,,,,,,,,,,,,,,,,,
