Wavelength,Img-1.36 h=4.2um,CL-1.36 h=4.2um,Img-1.38 h=4.2um,CL-1.38 h=4.2um,Img-1.36 h=4.6um,CL-1.36 h=4.6um,Img-1.38 h=4.6um,CL-1.38 h=4.6um,Img-1.36 h=5um,CL-1.36 h=5um,Img-1.38 h=5um,CL-1.38 h=5um,Img-1.36 h=5.4um,CL-1.36 h=5.4um,Img-1.38 h=5.4um,CL-1.38 h=5.4um,Img-1.36 h=5.8um,CL-1.36 h=5.8um,Img-1.38 h=5.8um,CL-1.38 h=5.8um,,,,,,,,,,,,,,,,,,,,,,,,,,,,,,,,,,,,,
600,-4.12E-06,3.75,0.00,2.00,0.00,3.37,0.00,1.80,0.00,3.04,-1.78E-06,1.62,-2.99E-06,2.72,0.00,1.45,-2.67E-06,2.43,0.00,1.29,,,,,,,,,,,,,,,,,,,,,,,,,,,,,,,,,,,,,
610,0.00,4.73,0.00,2.03,0.00,4.26,0.00,1.82,0.00,3.84,-1.84E-06,1.64,0.00,3.45,0.00,1.47,0.00,3.08,-1.47E-06,1.32,,,,,,,,,,,,,,,,,,,,,,,,,,,,,,,,,,,,,
620,0.00,6.54,0.00,2.11,0.00,5.90,-2.16E-06,1.90,0.00,5.32,-1.95E-06,1.71,-5.44E-06,4.79,-1.75E-06,1.54,-4.87E-06,4.29,0.00,1.38,,,,,,,,,,,,,,,,,,,,,,,,,,,,,,,,,,,,,
630,0.00,9.86,0.00,2.27,0.00,8.92,0.00,2.05,-9.30E-06,8.06,-2.14E-06,1.85,0.00,7.27,0.00,1.67,0.00,6.52,-1.73E-06,1.50,,,,,,,,,,,,,,,,,,,,,,,,,,,,,,,,,,,,,
640,0.00,16.99,0.00,2.52,-1.80E-05,15.38,-2.67E-06,2.27,0.00,13.94,-2.41E-06,2.06,-1.48E-05,12.59,-2.18E-06,1.86,-1.33E-05,11.31,0.00,1.68,,,,,,,,,,,,,,,,,,,,,,,,,,,,,,,,,,,,,
650,0.00,33.71,-3.45E-06,2.90,0.00,30.56,0.00,2.62,-3.30E-05,27.70,-2.83E-06,2.37,0.00,25.01,0.00,2.15,0.00,22.42,-2.32E-06,1.95,,,,,,,,,,,,,,,,,,,,,,,,,,,,,,,,,,,,,
660,-7.08E-05,58.57,0.00,3.51,-6.36E-05,52.56,0.00,3.18,0.00,47.04,-3.49E-06,2.88,-5.06E-05,41.82,-3.17E-06,2.62,-4.45E-05,36.80,-2.87E-06,2.38,,,,,,,,,,,,,,,,,,,,,,,,,,,,,,,,,,,,,
670,0.00,43.88,-5.91E-06,4.81,0.00,38.96,0.00,4.37,-4.23E-05,34.46,-4.87E-06,3.97,0.00,30.28,0.00,3.61,0.00,26.34,-4.04E-06,3.29,,,,,,,,,,,,,,,,,,,,,,,,,,,,,,,,,,,,,
680,-3.10E-05,24.91,0.00,7.11,0.00,22.13,0.00,6.46,0.00,19.61,-7.34E-06,5.89,-2.15E-05,17.27,-6.69E-06,5.37,-1.88E-05,15.07,-6.09E-06,4.89,,,,,,,,,,,,,,,,,,,,,,,,,,,,,,,,,,,,,
690,0.00,15.29,0.00,11.53,0.00,13.62,0.00,10.51,-1.53E-05,12.11,-1.21E-05,9.61,0.00,10.71,0.00,8.79,-1.19E-05,9.39,-1.02E-05,8.03,,,,,,,,,,,,,,,,,,,,,,,,,,,,,,,,,,,,,
700,0.00,10.46,0.00,21.12,0.00,9.34,-2.48E-05,19.32,0.00,8.33,-2.27E-05,17.73,-9.48E-06,7.39,-2.09E-05,16.27,-8.37E-06,6.53,-1.91E-05,14.90,,,,,,,,,,,,,,,,,,,,,,,,,,,,,,,,,,,,,
710,0.00,7.99,0.00,43.23,0.00,7.14,0.00,39.70,-8.31E-06,6.39,-4.76E-05,36.57,0.00,5.69,-4.38E-05,33.65,-6.55E-06,5.03,-4.01E-05,30.81,,,,,,,,,,,,,,,,,,,,,,,,,,,,,,,,,,,,,
720,0.00,6.60,-1.08E-04,81.71,-7.80E-06,5.92,-9.82E-05,74.43,0.00,5.30,-8.92E-05,67.63,-6.24E-06,4.73,-8.04E-05,60.97,-5.55E-06,4.21,-7.16E-05,54.30,,,,,,,,,,,,,,,,,,,,,,,,,,,,,,,,,,,,,
730,0.00,5.70,-1.07E-04,79.73,0.00,5.11,0.00,70.34,-6.13E-06,4.59,-8.26E-05,61.78,-5.49E-06,4.11,-7.20E-05,53.84,-4.89E-06,3.65,-6.21E-05,46.43,,,,,,,,,,,,,,,,,,,,,,,,,,,,,,,,,,,,,
740,-6.89E-06,5.08,-6.41E-05,47.27,-6.19E-06,4.56,-5.64E-05,41.58,0.00,4.10,-4.94E-05,36.46,-4.98E-06,3.67,-4.31E-05,31.81,-4.47E-06,3.30,-3.72E-05,27.47,,,,,,,,,,,,,,,,,,,,,,,,,,,,,,,,,,,,,
750,0.00,4.64,-3.96E-05,28.85,0.00,4.17,0.00,25.48,-5.16E-06,3.76,-3.09E-05,22.47,-4.64E-06,3.38,-2.70E-05,19.68,-4.14E-06,3.01,-2.35E-05,17.13,,,,,,,,,,,,,,,,,,,,,,,,,,,,,,,,,,,,,
760,-6.05E-06,4.35,0.00,19.70,-5.45E-06,3.91,-2.43E-05,17.48,-4.90E-06,3.52,-2.15E-05,15.47,-4.42E-06,3.17,-1.90E-05,13.68,-3.99E-06,2.86,-1.66E-05,11.95,,,,,,,,,,,,,,,,,,,,,,,,,,,,,,,,,,,,,
770,0.00,4.16,-2.09E-05,14.83,0.00,3.74,0.00,13.19,-4.77E-06,3.38,-1.66E-05,11.73,-4.28E-06,3.03,-1.46E-05,10.38,-3.87E-06,2.74,-1.30E-05,9.20,,,,,,,,,,,,,,,,,,,,,,,,,,,,,,,,,,,,,
780,-5.75E-06,4.02,0.00,11.90,-5.18E-06,3.62,-1.52E-05,10.61,-4.67E-06,3.27,-1.35E-05,9.47,-4.24E-06,2.96,-1.20E-05,8.43,-3.78E-06,2.65,-1.06E-05,7.43,,,,,,,,,,,,,,,,,,,,,,,,,,,,,,,,,,,,,
790,0.00,3.93,-1.45E-05,10.01,0.00,3.54,-1.30E-05,8.96,-4.63E-06,3.20,-1.16E-05,8.00,-4.18E-06,2.89,-1.04E-05,7.17,-3.82E-06,2.64,-9.22E-06,6.37,,,,,,,,,,,,,,,,,,,,,,,,,,,,,,,,,,,,,
800,-5.67E-06,3.87,0.00,8.75,-5.10E-06,3.48,-1.15E-05,7.82,-4.63E-06,3.16,-1.03E-05,7.04,-4.16E-06,2.84,-9.19E-06,6.27,-3.81E-06,2.60,-8.32E-06,5.68,,,,,,,,,,,,,,,,,,,,,,,,,,,,,,,,,,,,,
810,0.00,3.82,-1.16E-05,7.85,-5.13E-06,3.46,-1.05E-05,7.04,-4.63E-06,3.12,-9.39E-06,6.33,-4.23E-06,2.85,-8.44E-06,5.69,-3.78E-06,2.54,-7.53E-06,5.07,,,,,,,,,,,,,,,,,,,,,,,,,,,,,,,,,,,,,
820,-5.73E-06,3.81,-1.08E-05,7.21,-5.17E-06,3.44,-9.74E-06,6.48,-4.67E-06,3.11,-8.73E-06,5.81,-4.27E-06,2.84,-7.94E-06,5.28,-3.85E-06,2.57,-7.04E-06,4.69,,,,,,,,,,,,,,,,,,,,,,,,,,,,,,,,,,,,,
830,-5.75E-06,3.78,-1.02E-05,6.69,-5.18E-06,3.41,-9.13E-06,6.00,-4.73E-06,3.11,-8.27E-06,5.44,-4.25E-06,2.79,-7.42E-06,4.88,-3.99E-06,2.62,-6.80E-06,4.47,,,,,,,,,,,,,,,,,,,,,,,,,,,,,,,,,,,,,
840,-5.78E-06,3.75,-9.67E-06,6.28,-5.23E-06,3.40,-8.70E-06,5.66,-4.75E-06,3.08,-7.90E-06,5.13,-4.30E-06,2.79,-7.07E-06,4.59,-3.96E-06,2.57,-6.55E-06,4.25,,,,,,,,,,,,,,,,,,,,,,,,,,,,,,,,,,,,,
850,-5.84E-06,3.75,-9.30E-06,5.97,-5.29E-06,3.40,-8.41E-06,5.40,-4.77E-06,3.06,-7.56E-06,4.85,-4.43E-06,2.85,-6.92E-06,4.44,-3.93E-06,2.52,-6.19E-06,3.97,,,,,,,,,,,,,,,,,,,,,,,,,,,,,,,,,,,,,
,,,,,,,,,,,,,,,,,,,,,,,,,,,,,,,,,,,,,,,,,,,,,,,,,,,,,,,,,
,,,,,,,,,,,,,,,,,,,,,,,,,,,,,,,,,,,,,,,,,,,,,,,,,,,,,,,,,
,,,,,,,,,,,,,,,,,,,,,,,,,,,,,,,,,,,,,,,,,,,,,,,,,,,,,,,,,
,,,,,,,,,,,,,,,,,,,,,,,,,,,,,,,,,,,,,,,,,,,,,,,,,,,,,,,,,
,,,,,,,,,,,,,,,,,,,,,,,,,,,,,,,,,,,,,,,,,,,,,,,,,,,,,,,,,
,,,,,,,,,,,,,,,,,,,,,,,,,,,,,,,,,,,,,,,,,,,,,,,,,,,,,,,,,
,,,,,,,,,,,,,,,,,,,,,,,,,,,,,,,,,,,,,,,,,,,,,,,,,,,,,,,,,
,,,,,,,,,,,,,,,,,,,,,,,,,,,,,,,,,,,,,,,,,,,,,,,,,,,,,,,,,
,,,,,,,,,,,,,,,,,,,,,,,,,,,,,,,,,,,,,,,,,,,,,,,,,,,,,,,,,
,,,,,,,,,,,,,,,,,,,,,,,,,,,,,,,,,,,,,,,,,,,,,,,,,,,,,,,,,
,,,,,,,,,,,,,,,,,,,,,,,,,,,,,,,,,,,,,,,,,,,,,,,,,,,,,,,,,
,,,,,,,,,,,,,,,,,,,,,,,,,,,,,,,,,,,,,,,,,,,,,,,,,,,,,,,,,
