Wavelength,Img-1.36 p=2um,CL-1.36 p=2um,Img-1.38 p=2um,CL-1.38 p=2um,Img-1.36 p=2.2um,CL-1.36 p=2.2um,Img-1.38 p=2.2um,CL-1.38 p=2.2um,Img-1.36 p=2.4um,CL-1.36 p=2.4um,Img-1.38 p=2.4um,CL-1.38 p=2.4um,Img-1.36 p=2.6um,CL-1.36 p=2.6um,Img-1.38 p=2.6um,CL-1.38 p=2.6um,Img-1.36 p=2.8um,CL-1.36 p=2.8um,Img-1.38 p=2.8um,CL-1.38 p=2.8um,,,,,,,,,,,,,,,,,,,,,,,,,,,,,,,,,,,,,
600,-4.93E-06,4.49,-2.63E-06,2.40,-4.04E-06,3.67,-2.15E-06,1.96,0.00,3.04,0.00,1.62,-2.79E-06,2.54,-1.48E-06,1.35,0.00,2.15,0.00,1.14,,,,,,,,,,,,,,,,,,,,,,,,,,,,,,,,,,,,,
610,0.00,5.67,0.00,2.43,0.00,4.64,0.00,1.99,-4.29E-06,3.84,-1.84E-06,1.64,0.00,3.22,0.00,1.37,-3.05E-06,2.73,-1.30E-06,1.16,,,,,,,,,,,,,,,,,,,,,,,,,,,,,,,,,,,,,
620,-8.89E-06,7.83,-2.88E-06,2.53,-7.29E-06,6.42,-2.35E-06,2.07,0.00,5.32,0.00,1.71,-5.08E-06,4.47,-1.63E-06,1.43,0.00,3.79,0.00,1.21,,,,,,,,,,,,,,,,,,,,,,,,,,,,,,,,,,,,,
630,0.00,11.80,0.00,2.73,0.00,9.70,0.00,2.24,-9.30E-06,8.06,-2.14E-06,1.85,0.00,6.78,0.00,1.55,-6.66E-06,5.77,-1.52E-06,1.31,,,,,,,,,,,,,,,,,,,,,,,,,,,,,,,,,,,,,
640,-2.38E-05,20.29,-3.56E-06,3.03,-1.96E-05,16.73,-2.91E-06,2.48,0.00,13.94,0.00,2.06,-1.38E-05,11.75,-2.02E-06,1.72,0.00,10.02,0.00,1.46,,,,,,,,,,,,,,,,,,,,,,,,,,,,,,,,,,,,,
650,0.00,40.27,0.00,3.49,0.00,33.22,0.00,2.86,-3.30E-05,27.70,-2.83E-06,2.37,0.00,23.37,0.00,1.99,-2.37E-05,19.92,-2.02E-06,1.69,,,,,,,,,,,,,,,,,,,,,,,,,,,,,,,,,,,,,
660,-8.51E-05,70.40,-5.11E-06,4.22,-6.92E-05,57.22,-4.20E-06,3.47,0.00,47.04,0.00,2.88,-4.74E-05,39.16,-2.93E-06,2.43,0.00,32.98,0.00,2.07,,,,,,,,,,,,,,,,,,,,,,,,,,,,,,,,,,,,,
670,0.00,52.43,0.00,5.79,0.00,42.29,0.00,4.77,-4.23E-05,34.46,-4.87E-06,3.97,0.00,28.45,0.00,3.35,-2.92E-05,23.78,-3.51E-06,2.86,,,,,,,,,,,,,,,,,,,,,,,,,,,,,,,,,,,,,
680,-3.71E-05,29.75,-1.06E-05,8.52,-2.99E-05,24.03,-8.78E-06,7.05,0.00,19.61,0.00,5.89,-2.02E-05,16.20,-6.21E-06,4.98,-1.69E-05,13.55,-5.31E-06,4.26,,,,,,,,,,,,,,,,,,,,,,,,,,,,,,,,,,,,,
690,0.00,18.31,0.00,13.76,0.00,14.81,0.00,11.43,-1.53E-05,12.11,-1.21E-05,9.61,0.00,10.03,0.00,8.16,-1.06E-05,8.40,-8.86E-06,7.01,,,,,,,,,,,,,,,,,,,,,,,,,,,,,,,,,,,,,
700,-1.61E-05,12.56,-3.21E-05,25.04,-1.30E-05,10.17,-2.69E-05,20.96,0.00,8.33,0.00,17.73,-8.86E-06,6.91,-1.94E-05,15.15,-7.44E-06,5.80,-1.68E-05,13.08,,,,,,,,,,,,,,,,,,,,,,,,,,,,,,,,,,,,,
710,0.00,9.61,0.00,51.10,0.00,7.79,0.00,43.03,-8.31E-06,6.39,-4.76E-05,36.57,0.00,5.30,-4.08E-05,31.37,-5.80E-06,4.46,-3.53E-05,27.14,,,,,,,,,,,,,,,,,,,,,,,,,,,,,,,,,,,,,
720,-1.05E-05,7.96,-1.30E-04,98.74,-8.51E-06,6.45,-1.07E-04,81.31,0.00,5.30,0.00,67.63,-5.81E-06,4.40,-7.50E-05,56.87,-4.89E-06,3.70,-6.37E-05,48.28,,,,,,,,,,,,,,,,,,,,,,,,,,,,,,,,,,,,,
730,0.00,6.89,0.00,96.27,0.00,5.59,0.00,76.64,-6.13E-06,4.59,-8.26E-05,61.78,-5.10E-06,3.82,-6.76E-05,50.54,-4.30E-06,3.21,-5.61E-05,41.91,,,,,,,,,,,,,,,,,,,,,,,,,,,,,,,,,,,,,
740,-8.33E-06,6.15,-7.68E-05,56.65,-6.76E-06,4.99,-6.13E-05,45.19,0.00,4.10,-4.94E-05,36.46,-4.62E-06,3.41,-4.04E-05,29.82,-3.90E-06,2.87,-3.35E-05,24.73,,,,,,,,,,,,,,,,,,,,,,,,,,,,,,,,,,,,,
750,0.00,5.63,0.00,34.68,0.00,4.57,0.00,27.76,-5.16E-06,3.76,-3.09E-05,22.47,-4.30E-06,3.13,-2.54E-05,18.45,-3.63E-06,2.64,-2.11E-05,15.35,,,,,,,,,,,,,,,,,,,,,,,,,,,,,,,,,,,,,
760,-7.34E-06,5.27,-3.31E-05,23.73,-5.96E-06,4.28,-2.65E-05,19.05,0.00,3.52,-2.15E-05,15.47,-4.08E-06,2.93,-1.77E-05,12.73,-3.44E-06,2.47,-1.48E-05,10.62,,,,,,,,,,,,,,,,,,,,,,,,,,,,,,,,,,,,,
770,0.00,5.06,0.00,17.93,0.00,4.11,0.00,14.42,-4.77E-06,3.38,-1.66E-05,11.73,-3.98E-06,2.82,-1.37E-05,9.68,-3.36E-06,2.38,-1.14E-05,8.10,,,,,,,,,,,,,,,,,,,,,,,,,,,,,,,,,,,,,
780,-6.99E-06,4.89,-2.06E-05,14.42,-5.67E-06,3.97,-1.66E-05,11.62,-4.67E-06,3.27,-1.35E-05,9.47,-3.89E-06,2.72,-1.12E-05,7.83,-3.29E-06,2.30,-9.38E-06,6.56,,,,,,,,,,,,,,,,,,,,,,,,,,,,,,,,,,,,,
790,0.00,4.78,0.00,12.14,0.00,3.88,-1.42E-05,9.79,-4.63E-06,3.20,-1.16E-05,8.00,-3.86E-06,2.67,-9.59E-06,6.62,-3.26E-06,2.25,-8.04E-06,5.56,,,,,,,,,,,,,,,,,,,,,,,,,,,,,,,,,,,,,
800,-6.94E-06,4.73,-1.56E-05,10.67,-5.63E-06,3.84,-1.26E-05,8.61,-4.63E-06,3.16,-1.03E-05,7.04,-3.87E-06,2.64,-8.55E-06,5.84,-3.27E-06,2.23,-7.19E-06,4.90,,,,,,,,,,,,,,,,,,,,,,,,,,,,,,,,,,,,,
810,-6.93E-06,4.67,0.00,9.58,0.00,3.79,-1.15E-05,7.73,-4.63E-06,3.12,-9.39E-06,6.33,-3.86E-06,2.60,-7.79E-06,5.25,-3.26E-06,2.20,-6.55E-06,4.42,,,,,,,,,,,,,,,,,,,,,,,,,,,,,,,,,,,,,
820,-6.99E-06,4.65,-1.32E-05,8.78,-5.68E-06,3.78,-1.07E-05,7.10,-4.67E-06,3.11,-8.73E-06,5.81,-3.90E-06,2.60,-7.25E-06,4.83,-3.30E-06,2.19,-6.10E-06,4.06,,,,,,,,,,,,,,,,,,,,,,,,,,,,,,,,,,,,,
830,-7.08E-06,4.66,-1.25E-05,8.21,-5.75E-06,3.78,-1.01E-05,6.63,-4.73E-06,3.11,-8.27E-06,5.44,-3.95E-06,2.60,-6.87E-06,4.52,-3.34E-06,2.20,-5.79E-06,3.81,,,,,,,,,,,,,,,,,,,,,,,,,,,,,,,,,,,,,
840,-7.11E-06,4.62,-1.19E-05,7.75,-5.77E-06,3.75,-9.63E-06,6.26,-4.75E-06,3.08,-7.90E-06,5.13,-3.96E-06,2.57,-6.57E-06,4.27,-3.35E-06,2.18,-5.54E-06,3.60,,,,,,,,,,,,,,,,,,,,,,,,,,,,,,,,,,,,,
850,-7.13E-06,4.58,-1.14E-05,7.32,-5.79E-06,3.72,-9.22E-06,5.92,-4.77E-06,3.06,-7.56E-06,4.85,-3.98E-06,2.56,-6.29E-06,4.04,-3.37E-06,2.16,-5.30E-06,3.41,,,,,,,,,,,,,,,,,,,,,,,,,,,,,,,,,,,,,
,,,,,,,,,,,,,,,,,,,,,,,,,,,,,,,,,,,,,,,,,,,,,,,,,,,,,,,,,
,,,,,,,,,,,,,,,,,,,,,,,,,,,,,,,,,,,,,,,,,,,,,,,,,,,,,,,,,
,,,,,,,,,,,,,,,,,,,,,,,,,,,,,,,,,,,,,,,,,,,,,,,,,,,,,,,,,
,,,,,,,,,,,,,,,,,,,,,,,,,,,,,,,,,,,,,,,,,,,,,,,,,,,,,,,,,
,,,,,,,,,,,,,,,,,,,,,,,,,,,,,,,,,,,,,,,,,,,,,,,,,,,,,,,,,
,,,,,,,,,,,,,,,,,,,,,,,,,,,,,,,,,,,,,,,,,,,,,,,,,,,,,,,,,
,,,,,,,,,,,,,,,,,,,,,,,,,,,,,,,,,,,,,,,,,,,,,,,,,,,,,,,,,
,,,,,,,,,,,,,,,,,,,,,,,,,,,,,,,,,,,,,,,,,,,,,,,,,,,,,,,,,
,,,,,,,,,,,,,,,,,,,,,,,,,,,,,,,,,,,,,,,,,,,,,,,,,,,,,,,,,
,,,,,,,,,,,,,,,,,,,,,,,,,,,,,,,,,,,,,,,,,,,,,,,,,,,,,,,,,
,,,,,,,,,,,,,,,,,,,,,,,,,,,,,,,,,,,,,,,,,,,,,,,,,,,,,,,,,
,,,,,,,,,,,,,,,,,,,,,,,,,,,,,,,,,,,,,,,,,,,,,,,,,,,,,,,,,
