Wavelength,Img-1.36 ti=2nm,CL-1.36 ti=2nm,Img-1.38 ti=2nm,CL-1.38 ti=2nm,Img-1.36 ti=4nm,CL-1.36 ti=4nm,Img-1.38 ti=4nm,CL-1.38 ti=4nm,Img-1.36 ti=6nm,CL-1.36 ti=6nm,Img-1.38 ti=6nm,CL-1.38 ti=6nm,Img-1.36 ti=8nm,CL-1.36 ti=8nm,Img-1.38 ti=8nm,CL-1.38 ti=8nm,Img-1.36 ti=10nm,CL-1.36 ti=10nm,Img-1.38 ti=10nm,CL-1.38 ti=10nm,Img-1.36 ti=12nm,CL-1.36 ti=12nm,Img-1.38 ti=12nm,CL-1.38 ti=12nm,Img-1.36 ti=16nm,CL-1.36 ti=16nm,Img-1.38 ti=16nm,CL-1.38 ti=16nm,,,,,,,,,,,,,,,,,,,,,,,,,,,,,
600,-4.13E-06,3.76,-2.14E-06,1.94,-3.70E-06,3.36,-1.94E-06,1.77,-3.34E-06,3.04,-1.78E-06,1.62,-3.04E-06,2.77,-1.64E-06,1.49,-2.79E-06,2.54,-1.52E-06,1.38,-2.58E-06,2.35,-1.42E-06,1.29,-2.26E-06,2.06,-1.27E-06,1.15,,,,,,,,,,,,,,,,,,,,,,,,,,,,,
610,-5.41E-06,4.84,-2.23E-06,1.99,-4.80E-06,4.29,-2.01E-06,1.80,-4.29E-06,3.84,-1.84E-06,1.64,-3.88E-06,3.47,-1.69E-06,1.51,-3.54E-06,3.16,-1.56E-06,1.40,-3.25E-06,2.91,-1.45E-06,1.30,-2.81E-06,2.51,-1.29E-06,1.15,,,,,,,,,,,,,,,,,,,,,,,,,,,,,
620,-7.80E-06,6.86,-2.38E-06,2.10,-6.83E-06,6.01,-2.14E-06,1.89,-6.05E-06,5.32,-1.95E-06,1.71,-5.41E-06,4.76,-1.78E-06,1.57,-4.89E-06,4.30,-1.64E-06,1.44,-4.45E-06,3.92,-1.52E-06,1.34,-3.79E-06,3.34,-1.34E-06,1.18,,,,,,,,,,,,,,,,,,,,,,,,,,,,,
630,-1.23E-05,10.66,-2.64E-06,2.29,-1.06E-05,9.21,-2.36E-06,2.05,-9.30E-06,8.06,-2.14E-06,1.85,-8.23E-06,7.13,-1.94E-06,1.68,-7.35E-06,6.37,-1.78E-06,1.55,-6.64E-06,5.75,-1.65E-06,1.43,-5.56E-06,4.81,-1.44E-06,1.25,,,,,,,,,,,,,,,,,,,,,,,,,,,,,
640,-2.23E-05,19.02,-3.01E-06,2.57,-1.90E-05,16.17,-2.68E-06,2.29,-1.63E-05,13.94,-2.41E-06,2.06,-1.43E-05,12.16,-2.19E-06,1.86,-1.26E-05,10.71,-2.00E-06,1.70,-1.12E-05,9.55,-1.84E-06,1.57,-9.18E-06,7.83,-1.60E-06,1.36,,,,,,,,,,,,,,,,,,,,,,,,,,,,,
650,-4.52E-05,37.97,-3.58E-06,3.00,-3.85E-05,32.29,-3.16E-06,2.66,-3.30E-05,27.70,-2.83E-06,2.37,-2.86E-05,23.97,-2.55E-06,2.14,-2.49E-05,20.93,-2.32E-06,1.94,-2.20E-05,18.47,-2.12E-06,1.78,-1.76E-05,14.81,-1.83E-06,1.53,,,,,,,,,,,,,,,,,,,,,,,,,,,,,
660,-6.52E-05,53.91,-4.48E-06,3.71,-6.13E-05,50.69,-3.93E-06,3.25,-5.69E-05,47.04,-3.49E-06,2.88,-5.23E-05,43.25,-3.12E-06,2.58,-4.78E-05,39.52,-2.82E-06,2.33,-4.36E-05,36.02,-2.57E-06,2.12,-3.63E-05,30.00,-2.19E-06,1.81,,,,,,,,,,,,,,,,,,,,,,,,,,,,,
670,-4.17E-05,34.00,-6.38E-06,5.20,-4.21E-05,34.31,-5.54E-06,4.52,-4.23E-05,34.46,-4.87E-06,3.97,-4.23E-05,34.46,-4.33E-06,3.53,-4.21E-05,34.31,-3.88E-06,3.16,-4.17E-05,33.96,-3.52E-06,2.86,-4.03E-05,32.81,-2.96E-06,2.41,,,,,,,,,,,,,,,,,,,,,,,,,,,,,
680,-2.42E-05,19.45,-9.83E-06,7.89,-2.43E-05,19.52,-8.44E-06,6.77,-2.44E-05,19.61,-7.34E-06,5.89,-2.46E-05,19.71,-6.46E-06,5.18,-2.47E-05,19.83,-5.74E-06,4.60,-2.48E-05,19.94,-5.15E-06,4.13,-2.51E-05,20.13,-4.28E-06,3.43,,,,,,,,,,,,,,,,,,,,,,,,,,,,,
690,-1.57E-05,12.38,-1.68E-05,13.28,-1.55E-05,12.23,-1.42E-05,11.21,-1.53E-05,12.11,-1.21E-05,9.61,-1.52E-05,12.01,-1.05E-05,8.34,-1.51E-05,11.95,-9.25E-06,7.32,-1.50E-05,11.89,-8.22E-06,6.51,-1.50E-05,11.83,-6.71E-06,5.31,,,,,,,,,,,,,,,,,,,,,,,,,,,,,
700,-1.12E-05,8.74,-3.27E-05,25.52,-1.09E-05,8.52,-2.71E-05,21.09,-1.07E-05,8.33,-2.27E-05,17.73,-1.05E-05,8.16,-1.94E-05,15.12,-1.03E-05,8.02,-1.68E-05,13.06,-1.01E-05,7.90,-1.47E-05,11.45,-9.88E-06,7.70,-1.17E-05,9.12,,,,,,,,,,,,,,,,,,,,,,,,,,,,,
710,-8.89E-06,6.83,-7.02E-05,53.99,-8.58E-06,6.60,-5.74E-05,44.10,-8.31E-06,6.39,-4.76E-05,36.57,-8.06E-06,6.20,-4.00E-05,30.75,-7.85E-06,6.04,-3.41E-05,26.18,-7.67E-06,5.89,-2.94E-05,22.62,-7.35E-06,5.65,-2.28E-05,17.56,,,,,,,,,,,,,,,,,,,,,,,,,,,,,
720,-7.60E-06,5.76,-1.15E-04,86.95,-7.27E-06,5.51,-1.02E-04,77.20,-6.99E-06,5.30,-8.92E-05,67.63,-6.74E-06,5.11,-7.77E-05,58.93,-6.52E-06,4.94,-6.77E-05,51.31,-6.32E-06,4.79,-5.93E-05,44.91,-5.99E-06,4.54,-4.64E-05,35.16,,,,,,,,,,,,,,,,,,,,,,,,,,,,,
730,-6.74E-06,5.04,-8.26E-05,61.75,-6.42E-06,4.80,-8.31E-05,62.14,-6.13E-06,4.59,-8.26E-05,61.78,-5.88E-06,4.39,-8.11E-05,60.65,-5.65E-06,4.23,-7.87E-05,58.84,-5.46E-06,4.08,-7.55E-05,56.41,-5.12E-06,3.83,-6.78E-05,50.70,,,,,,,,,,,,,,,,,,,,,,,,,,,,,
740,-6.17E-06,4.55,-4.82E-05,35.57,-5.84E-06,4.31,-4.89E-05,36.06,-5.56E-06,4.10,-4.94E-05,36.46,-5.31E-06,3.91,-4.99E-05,36.80,-5.08E-06,3.75,-5.03E-05,37.11,-4.88E-06,3.60,-5.05E-05,37.22,-4.54E-06,3.35,-5.02E-05,37.05,,,,,,,,,,,,,,,,,,,,,,,,,,,,,
750,-5.77E-06,4.20,-3.10E-05,22.58,-5.45E-06,3.96,-3.09E-05,22.49,-5.16E-06,3.76,-3.09E-05,22.47,-4.90E-06,3.57,-3.08E-05,22.44,-4.68E-06,3.41,-3.08E-05,22.43,-4.48E-06,3.26,-3.08E-05,22.41,-4.14E-06,3.01,-3.07E-05,22.33,,,,,,,,,,,,,,,,,,,,,,,,,,,,,
760,-5.53E-06,3.97,-2.23E-05,16.00,-5.20E-06,3.73,-2.19E-05,15.74,-4.90E-06,3.52,-2.15E-05,15.47,-4.65E-06,3.34,-2.12E-05,15.26,-4.42E-06,3.18,-2.10E-05,15.08,-4.22E-06,3.03,-2.07E-05,14.89,-3.88E-06,2.79,-2.03E-05,14.56,,,,,,,,,,,,,,,,,,,,,,,,,,,,,
770,-5.40E-06,3.83,-1.75E-05,12.43,-5.05E-06,3.58,-1.70E-05,12.04,-4.77E-06,3.38,-1.66E-05,11.73,-4.50E-06,3.19,-1.61E-05,11.44,-4.27E-06,3.02,-1.58E-05,11.18,-4.07E-06,2.88,-1.55E-05,10.95,-3.72E-06,2.63,-1.48E-05,10.52,,,,,,,,,,,,,,,,,,,,,,,,,,,,,
780,-5.31E-06,3.71,-1.46E-05,10.19,-4.99E-06,3.49,-1.40E-05,9.81,-4.67E-06,3.27,-1.35E-05,9.47,-4.41E-06,3.08,-1.31E-05,9.15,-4.18E-06,2.92,-1.27E-05,8.89,-3.96E-06,2.77,-1.23E-05,8.62,-3.61E-06,2.53,-1.17E-05,8.19,,,,,,,,,,,,,,,,,,,,,,,,,,,,,
790,-5.29E-06,3.66,-1.26E-05,8.73,-4.94E-06,3.41,-1.21E-05,8.37,-4.63E-06,3.20,-1.16E-05,8.00,-4.36E-06,3.01,-1.12E-05,7.71,-4.11E-06,2.84,-1.07E-05,7.41,-3.91E-06,2.70,-1.04E-05,7.17,-3.54E-06,2.44,-9.73E-06,6.72,,,,,,,,,,,,,,,,,,,,,,,,,,,,,
800,-5.32E-06,3.63,-1.14E-05,7.77,-4.92E-06,3.36,-1.08E-05,7.35,-4.63E-06,3.16,-1.03E-05,7.04,-4.33E-06,2.95,-9.83E-06,6.70,-4.10E-06,2.80,-9.45E-06,6.44,-3.87E-06,2.64,-9.07E-06,6.19,-3.51E-06,2.39,-8.45E-06,5.77,,,,,,,,,,,,,,,,,,,,,,,,,,,,,
810,-5.33E-06,3.59,-1.05E-05,7.05,-4.98E-06,3.35,-9.89E-06,6.67,-4.63E-06,3.12,-9.39E-06,6.33,-4.36E-06,2.94,-8.94E-06,6.02,-4.09E-06,2.76,-8.55E-06,5.76,-3.87E-06,2.61,-8.17E-06,5.50,-3.48E-06,2.35,-7.54E-06,5.08,,,,,,,,,,,,,,,,,,,,,,,,,,,,,
820,-5.39E-06,3.59,-9.80E-06,6.52,-5.03E-06,3.35,-9.29E-06,6.19,-4.67E-06,3.11,-8.73E-06,5.81,-4.39E-06,2.92,-8.33E-06,5.55,-4.11E-06,2.74,-7.89E-06,5.25,-3.90E-06,2.59,-7.57E-06,5.04,-3.50E-06,2.33,-6.94E-06,4.62,,,,,,,,,,,,,,,,,,,,,,,,,,,,,
830,-5.47E-06,3.60,-9.31E-06,6.12,-5.03E-06,3.31,-8.74E-06,5.74,-4.73E-06,3.11,-8.27E-06,5.44,-4.38E-06,2.88,-7.78E-06,5.12,-4.15E-06,2.73,-7.42E-06,4.88,-3.88E-06,2.55,-7.04E-06,4.63,-3.49E-06,2.29,-6.44E-06,4.23,,,,,,,,,,,,,,,,,,,,,,,,,,,,,
840,-5.54E-06,3.60,-8.99E-06,5.84,-5.09E-06,3.30,-8.33E-06,5.41,-4.75E-06,3.08,-7.90E-06,5.13,-4.43E-06,2.88,-7.41E-06,4.81,-4.15E-06,2.70,-7.04E-06,4.57,-3.91E-06,2.54,-6.66E-06,4.33,-3.50E-06,2.27,-6.06E-06,3.94,,,,,,,,,,,,,,,,,,,,,,,,,,,,,
850,-5.56E-06,3.57,-8.67E-06,5.56,-5.20E-06,3.34,-8.10E-06,5.20,-4.77E-06,3.06,-7.56E-06,4.85,-4.50E-06,2.89,-7.18E-06,4.61,-4.17E-06,2.68,-6.72E-06,4.32,-3.96E-06,2.54,-6.43E-06,4.13,-3.53E-06,2.27,-5.82E-06,3.74,,,,,,,,,,,,,,,,,,,,,,,,,,,,,
,,,,,,,,,,,,,,,,,,,,,,,,,,,,,,,,,,,,,,,,,,,,,,,,,,,,,,,,,
